-- =========================================================================
-- AMUSEMENT PARK MANAGEMENT SYSTEM
-- Milestone 5: Data Population, Modification & Validation
-- Submitted By: Haleema Gohar
-- Submitted To: Sir Ali Hassan
-- Subject: Database Lab | BSSE(A) 4th Semester
-- Institute of Management Sciences, Peshawar | 2026
-- =========================================================================

USE amusement_park_db;

-- -------------------------------------------------------------------------
-- STEP 1: POPULATE SEED DATA
-- -------------------------------------------------------------------------

-- 1.1 Populate Rides
INSERT INTO Rides (ride_id, ride_name, ride_type, min_capacity, max_capacity, price_per_round, status, description) VALUES
(1, 'Thunder Coaster', 'Roller Coaster', 2, 24, 300, 'Active', 'High-speed steel coaster with 3 vertical loops'),
(2, 'Splash River', 'Water Ride', 1, 12, 200, 'Active', 'Family-friendly river rapid experience'),
(3, 'Sky Drop', 'Free Fall', 1, 6, 350, 'Active', 'Vertical free-fall tower from 40 metres'),
(4, 'Merry-Go-Round', 'Carousel', 1, 20, 80, 'Active', 'Classic carousel suitable for all ages'),
(5, 'Haunted Mansion', 'Dark Ride', 2, 8, 250, 'Closed', 'Indoor dark ride with special effects'),
(6, 'Bumper Cars', 'Flat Ride', 1, 16, 150, 'Active', 'Electric bumper car arena'),
(7, 'Ferris Wheel', 'Observation', 2, 4, 120, 'Active', 'Giant ferris wheel with panoramic views'),
(8, 'Spinning Cups', 'Flat Ride', 1, 4, 90, 'Maintenance', 'Spinning teacup ride under maintenance'),
(9, 'Mini Roller Coaster', 'Roller Coaster', 1, 8, 100, 'Active', 'Junior coaster for younger riders'),
(10, 'VR Experience Pod', 'VR Experience', 1, 1, 400, 'Active', 'Single-seat immersive VR ride');

-- 1.2 Populate Customers
INSERT INTO Customers (customer_id, full_name, phone) VALUES
(1, 'Carolyn White', '03171419610'),
(2, 'Chad Wagner', '03243341057'),
(3, 'Karla Chaney', '03478078673'),
(4, 'Elizabeth Shaw', '03154668136'),
(5, 'Danielle Martin', '03454335942'),
(6, 'Emily Hughes', '03248536477'),
(7, 'Eric Vasquez', '03103678638'),
(8, 'Linda Lawson DDS', '03315661907'),
(9, 'Amber Tucker', '03312714803'),
(10, 'Jason Moran', '03167022674'),
(11, 'John Rojas', '03128707870'),
(12, 'Allen Roberts DVM', '03342322047'),
(13, 'Cody Lewis', '03497067228'),
(14, 'David Howe', '03141768805'),
(15, 'Vanessa Clark', '03282338687'),
(16, 'Megan Anderson', '03345663623'),
(17, 'Heidi Reynolds', '03207210606'),
(18, 'Robert Montoya', '03272197935'),
(19, 'Lisa Allen', '03445107245'),
(20, 'Linda Walsh', '03345528972'),
(21, 'Michael Castro', '03301938483'),
(22, 'Tamara Garrett', '03307730428'),
(23, 'Robert Harvey', '03236279418'),
(24, 'Kristina Espinoza', '03358698256'),
(25, 'Jacqueline Palmer', '03185137722'),
(26, 'Thomas Wright', '03478187926'),
(27, 'Christian Holloway', '03334679591'),
(28, 'Linda Bell', '03151790481'),
(29, 'Denise Wagner MD', '03208082668'),
(30, 'Sara Davis', '03347402509'),
(31, 'Lisa Hampton', '03435218028'),
(32, 'Cory Davis', '03175476583'),
(33, 'Trevor Gonzalez', '03175924115'),
(34, 'Ashley Mercado', '03391054447'),
(35, 'Carl Melendez', '03422785277'),
(36, 'Kimberly Williams', '03424337174'),
(37, 'Michael Ray', '03209897858'),
(38, 'Cole Flores', '03411326765'),
(39, 'Jessica Webb', '03295017343'),
(40, 'Diamond Wright', '03462321324'),
(41, 'Dylan Dixon', '03149937326'),
(42, 'Nicholas Brown', '03403770370'),
(43, 'Amanda Townsend', '03234374754'),
(44, 'Joseph Gonzalez', '03357264956'),
(45, 'Donna Melendez', '03175159166'),
(46, 'Tina Trujillo', '03311352896'),
(47, 'Joshua Ross', '03474694634'),
(48, 'Mark Norman', '03134841005'),
(49, 'Alexis Mathews', '03312188789'),
(50, 'Anthony Chandler', '03279143903'),
(51, 'Louis Gardner', '03468930103'),
(52, 'Sylvia Dunn', '03364194548'),
(53, 'Chris Hernandez', '0376944126'),
(54, 'Denise Freeman', '03391908841'),
(55, 'Jessica Robinson', '0313754864'),
(56, 'Rita Mccall', '03254214348'),
(57, 'Nicole Anderson', '03188077999'),
(58, 'Mary Hall', '03395191056'),
(59, 'Ricky Murray', '03452642635'),
(60, 'Spencer Gonzales', '03154965789'),
(61, 'Paul Pierce', '03419075854'),
(62, 'Alex Gutierrez', '03133762152'),
(63, 'Thomas Vega', '03345449368'),
(64, 'Luis Hayden', '03379164991'),
(65, 'Kyle Mcgee', '03284652414'),
(66, 'Andrew Perry', '03301959074'),
(67, 'Chase Mcpherson', '03429910817'),
(68, 'Jeffrey Wood', '03422344047'),
(69, 'Christina Johnson', '03482140194'),
(70, 'Peter Harvey', '03353011363'),
(71, 'Paige Yang', '0347166754'),
(72, 'Daniel Davis', '03369770838'),
(73, 'Gregory Rice', '03236271130'),
(74, 'Shannon Conway', '03353195773'),
(75, 'Terry Collins', '03396304573');

-- Step 1: Temporarily disable foreign key checks so you can safely drop/recreate the table
SET foreign_key_checks = 0;

-- Step 2: Clear out the old version of the table
DROP TABLE IF EXISTS `amusement_park`.`tickets`;

-- Step 3: Recreate the table with VARCHAR instead of ENUM so 'Family' tickets fit perfectly
CREATE TABLE `amusement_park`.`tickets` (
  `ticket_id` INT NOT NULL AUTO_INCREMENT,
  `customer_id` INT NOT NULL,
  `ticket_type` VARCHAR(50) NOT NULL, -- Flexible type constraint to accept 'Family' or any other types
  `price` DECIMAL(8,2) NOT NULL,
  `valid_date` DATE NOT NULL,
  PRIMARY KEY (`ticket_id`),
  INDEX `fk_ticket_customer` (`customer_id` ASC) VISIBLE,
  CONSTRAINT `fk_ticket_customer`
    FOREIGN KEY (`customer_id`)
    REFERENCES `amusement_park`.`customers` (`customer_id`)
    ON DELETE CASCADE
    ON UPDATE CASCADE,
  CONSTRAINT `chk_ticket_price` CHECK (`price` >= 0.00)
) ENGINE = InnoDB DEFAULT CHARACTER SET = utf8mb4 COLLATE = utf8mb4_0900_ai_ci;

-- Step 4: Populate the records (this will now run successfully)
INSERT INTO `amusement_park`.`tickets` (ticket_id, customer_id, ticket_type, price, valid_date) VALUES
(1, 1, 'Child', 400, '2026-04-18'),
(2, 2, 'Adult', 800, '2026-04-07'),
(3, 3, 'Adult', 800, '2026-04-03'),
(4, 4, 'Adult', 800, '2026-04-15'),
(5, 5, 'Family', 1500, '2026-05-16'),
(6, 6, 'Senior', 600, '2026-05-08'),
(7, 7, 'Family', 1500, '2026-05-15'),
(8, 8, 'Child', 400, '2026-04-10'),
(9, 9, 'Family', 1500, '2026-04-06'),
(10, 10, 'Senior', 600, '2026-04-23'),
(11, 11, 'Adult', 800, '2026-05-05'),
(12, 12, 'Senior', 600, '2026-05-06'),
(13, 13, 'Child', 400, '2026-05-07'),
(14, 14, 'Child', 400, '2026-05-13'),
(15, 15, 'Adult', 800, '2026-04-15'),
(16, 16, 'Senior', 600, '2026-04-30'),
(17, 17, 'Child', 400, '2026-04-23'),
(18, 18, 'Child', 400, '2026-05-09'),
(19, 19, 'Family', 1500, '2026-04-11'),
(20, 20, 'Child', 400, '2026-05-11'),
(21, 21, 'Adult', 800, '2026-04-15'),
(22, 22, 'Adult', 800, '2026-04-18'),
(23, 23, 'Family', 1500, '2026-04-14'),
(24, 24, 'Senior', 600, '2026-04-10'),
(25, 25, 'Senior', 600, '2026-05-06'),
(26, 26, 'Family', 1500, '2026-05-08'),
(27, 27, 'Family', 1500, '2026-04-09'),
(28, 28, 'Child', 400, '2026-04-08'),
(29, 29, 'Adult', 800, '2026-05-09'),
(30, 30, 'Family', 1500, '2026-05-09'),
(31, 31, 'Adult', 800, '2026-05-06'),
(32, 32, 'Senior', 600, '2026-05-12'),
(33, 33, 'Child', 400, '2026-04-28'),
(34, 34, 'Child', 400, '2026-04-17'),
(35, 35, 'Senior', 600, '2026-05-11'),
(36, 36, 'Senior', 600, '2026-04-10'),
(37, 37, 'Senior', 600, '2026-04-01'),
(38, 38, 'Senior', 600, '2026-04-08'),
(39, 39, 'Child', 400, '2026-04-04'),
(40, 40, 'Family', 1500, '2026-04-06'),
(41, 41, 'Child', 400, '2026-04-09'),
(42, 42, 'Family', 1500, '2026-04-17'),
(43, 43, 'Senior', 600, '2026-05-16'),
(44, 44, 'Family', 1500, '2026-04-29'),
(45, 45, 'Adult', 800, '2026-04-15'),
(46, 46, 'Child', 400, '2026-05-08'),
(47, 47, 'Adult', 800, '2026-04-01'),
(48, 48, 'Adult', 800, '2026-04-05'),
(49, 49, 'Child', 400, '2026-05-03'),
(50, 50, 'Child', 400, '2026-04-14'),
(51, 51, 'Family', 1500, '2026-04-16'),
(52, 52, 'Adult', 800, '2026-04-07'),
(53, 53, 'Family', 1500, '2026-04-28'),
(54, 54, 'Adult', 800, '2026-05-14'),
(55, 55, 'Adult', 800, '2026-04-22'),
(56, 56, 'Family', 1500, '2026-04-13'),
(57, 57, 'Senior', 600, '2026-04-12'),
(58, 58, 'Family', 1500, '2026-04-05'),
(59, 59, 'Adult', 800, '2026-04-04'),
(60, 60, 'Family', 1500, '2026-04-11'),
(61, 61, 'Family', 1500, '2026-04-14'),
(62, 62, 'Adult', 800, '2026-04-25'),
(63, 63, 'Senior', 600, '2026-04-30'),
(64, 64, 'Child', 400, '2026-04-10'),
(65, 65, 'Adult', 800, '2026-04-04'),
(66, 66, 'Family', 1500, '2026-04-04'),
(67, 67, 'Adult', 800, '2026-04-11'),
(68, 68, 'Adult', 800, '2026-04-12'),
(69, 69, 'Child', 400, '2026-05-14'),
(70, 70, 'Child', 400, '2026-05-07'),
(71, 71, 'Adult', 800, '2026-05-10'),
(72, 72, 'Senior', 600, '2026-04-21'),
(73, 73, 'Senior', 600, '2026-04-16'),
(74, 74, 'Senior', 600, '2026-05-13'),
(75, 75, 'Adult', 800, '2026-04-05');

-- Step 5: Restore database constraints verification safely
SET foreign_key_checks = 1;

-- 1.4 Populate Ride Bookings
INSERT INTO Ride_Bookings (booking_id, customer_id, ride_id, booked_at, num_riders, amount_paid) VALUES
(1, 1, 2, '2026-04-18 17:16:00', 2, 400),
(2, 1, 10, '2026-04-18 14:56:00', 1, 400),
(3, 2, 4, '2026-04-07 13:10:00', 3, 240),
(4, 3, 10, '2026-04-03 17:19:00', 1, 400),
(5, 3, 5, '2026-04-03 10:56:00', 4, 1000),
(6, 4, 5, '2026-04-15 10:47:00', 2, 500),
(7, 5, 3, '2026-05-16 14:13:00', 2, 700),
(8, 5, 5, '2026-05-16 13:32:00', 4, 1000),
(9, 5, 10, '2026-05-16 13:57:00', 1, 400),
(10, 6, 2, '2026-05-08 13:02:00', 4, 800),
(11, 7, 6, '2026-05-15 13:10:00', 2, 300),
(12, 8, 9, '2026-04-10 10:04:00', 1, 100),
(13, 8, 7, '2026-04-10 11:34:00', 4, 480),
(14, 8, 5, '2026-04-10 14:37:00', 2, 500),
(15, 9, 3, '2026-04-06 13:23:00', 1, 350),
(16, 9, 7, '2026-04-06 14:13:00', 2, 240),
(17, 9, 2, '2026-04-06 10:22:00', 2, 400),
(18, 10, 7, '2026-04-23 11:56:00', 2, 240),
(19, 10, 3, '2026-04-23 09:11:00', 4, 1400),
(20, 10, 2, '2026-04-23 15:51:00', 3, 600),
(21, 11, 4, '2026-05-05 15:55:00', 1, 80),
(22, 11, 5, '2026-05-05 16:14:00', 2, 500),
(23, 11, 2, '2026-05-05 16:22:00', 2, 400),
(24, 12, 4, '2026-05-06 12:25:00', 1, 80),
(25, 12, 10, '2026-05-06 13:55:00', 1, 400),
(26, 13, 5, '2026-05-07 17:25:00', 3, 750),
(27, 14, 10, '2026-05-13 13:11:00', 1, 400),
(28, 14, 6, '2026-05-13 09:06:00', 3, 450),
(29, 14, 1, '2026-05-13 15:22:00', 4, 1200),
(30, 15, 6, '2026-04-15 15:57:00', 1, 150),
(31, 15, 7, '2026-04-15 12:16:00', 4, 480),
(32, 15, 5, '2026-04-15 15:00:00', 2, 500),
(33, 16, 10, '2026-04-30 10:42:00', 1, 400),
(34, 16, 4, '2026-04-30 14:42:00', 3, 240),
(35, 16, 3, '2026-04-30 13:32:00', 1, 350),
(36, 17, 7, '2026-04-23 13:35:00', 3, 360),
(37, 17, 6, '2026-04-23 12:26:00', 2, 300),
(38, 18, 7, '2026-05-09 13:25:00', 4, 480),
(39, 18, 3, '2026-05-09 13:18:00', 1, 350),
(40, 18, 5, '2026-05-09 15:50:00', 2, 500),
(41, 19, 6, '2026-04-11 12:32:00', 4, 600),
(42, 19, 9, '2026-04-11 11:42:00', 4, 400),
(43, 19, 4, '2026-04-11 13:32:00', 1, 80),
(44, 20, 6, '2026-05-11 13:14:00', 2, 300),
(45, 20, 2, '2026-05-11 11:01:00', 2, 400),
(46, 20, 7, '2026-05-11 12:30:00', 2, 240),
(47, 21, 2, '2026-04-15 15:31:00', 2, 400),
(48, 21, 9, '2026-04-15 12:09:00', 4, 400),
(49, 21, 4, '2026-04-15 10:49:00', 1, 80),
(50, 22, 4, '2026-04-18 09:35:00', 4, 320),
(51, 22, 3, '2026-04-18 10:29:00', 2, 700),
(52, 23, 9, '2026-04-14 16:39:00', 3, 300),
(53, 24, 10, '2026-04-10 11:47:00', 1, 400),
(54, 24, 7, '2026-04-10 16:16:00', 3, 360),
(55, 24, 9, '2026-04-10 13:49:00', 2, 200),
(56, 25, 9, '2026-05-06 10:45:00', 4, 400),
(57, 25, 4, '2026-05-06 12:17:00', 3, 240),
(58, 25, 3, '2026-05-06 14:57:00', 3, 1050),
(59, 26, 2, '2026-05-08 15:44:00', 2, 400),
(60, 26, 3, '2026-05-08 12:04:00', 2, 700),
(61, 26, 10, '2026-05-08 15:21:00', 1, 400),
(62, 27, 9, '2026-04-09 15:24:00', 2, 200),
(63, 27, 7, '2026-04-09 09:54:00', 4, 480),
(64, 27, 1, '2026-04-09 15:30:00', 4, 1200),
(65, 28, 6, '2026-04-08 15:54:00', 3, 450),
(66, 29, 10, '2026-05-09 12:17:00', 1, 400),
(67, 29, 4, '2026-05-09 16:01:00', 4, 320),
(68, 30, 6, '2026-05-09 16:58:00', 2, 300),
(69, 30, 7, '2026-05-09 17:01:00', 2, 240),
(70, 31, 1, '2026-05-06 15:08:00', 4, 1200),
(71, 31, 2, '2026-05-06 11:03:00', 4, 800),
(72, 32, 7, '2026-05-12 16:20:00', 2, 240),
(73, 32, 6, '2026-05-12 15:17:00', 3, 450),
(74, 33, 5, '2026-04-28 09:47:00', 3, 750),
(75, 33, 2, '2026-04-28 14:14:00', 1, 200),
(76, 34, 2, '2026-04-17 12:12:00', 1, 200),
(77, 34, 1, '2026-04-17 11:15:00', 2, 600),
(78, 34, 7, '2026-04-17 16:42:00', 2, 240),
(79, 35, 4, '2026-05-11 13:49:00', 4, 320),
(80, 36, 3, '2026-04-10 13:06:00', 2, 700),
(81, 36, 2, '2026-04-10 13:36:00', 1, 200),
(82, 37, 7, '2026-04-01 10:37:00', 2, 240),
(83, 37, 10, '2026-04-01 10:44:00', 1, 400),
(84, 37, 6, '2026-04-01 10:50:00', 3, 450),
(85, 38, 1, '2026-04-08 14:04:00', 3, 900),
(86, 38, 6, '2026-04-08 09:54:00', 3, 450),
(87, 38, 5, '2026-04-08 16:06:00', 3, 750),
(88, 39, 6, '2026-04-04 15:11:00', 2, 300),
(89, 39, 9, '2026-04-04 17:49:00', 3, 300),
(90, 40, 9, '2026-04-06 14:54:00', 3, 300),
(91, 40, 7, '2026-04-06 10:17:00', 2, 240),
(92, 41, 4, '2026-04-09 14:01:00', 4, 320),
(93, 41, 9, '2026-04-09 14:11:00', 4, 400),
(94, 42, 4, '2026-04-17 14:17:00', 3, 240),
(95, 42, 6, '2026-04-17 17:00:00', 3, 450),
(96, 43, 4, '2026-05-16 16:35:00', 4, 320),
(97, 43, 2, '2026-05-16 16:41:00', 2, 400),
(98, 43, 9, '2026-05-16 16:50:00', 4, 400),
(99, 44, 2, '2026-04-29 12:25:00', 3, 600),
(100, 45, 4, '2026-04-15 16:35:00', 3, 240),
(101, 45, 5, '2026-04-15 14:27:00', 4, 1000),
(102, 45, 6, '2026-04-15 14:44:00', 3, 450),
(103, 46, 5, '2026-05-08 12:07:00', 3, 750),
(104, 46, 10, '2026-05-08 14:07:00', 1, 400),
(105, 47, 10, '2026-04-01 16:17:00', 1, 400),
(106, 47, 3, '2026-04-01 10:53:00', 3, 1050),
(107, 47, 2, '2026-04-01 13:14:00', 2, 400),
(108, 48, 3, '2026-04-05 17:08:00', 1, 350),
(109, 48, 5, '2026-04-05 09:03:00', 3, 750),
(110, 49, 5, '2026-05-03 10:55:00', 3, 750),
(111, 49, 3, '2026-05-03 13:30:00', 1, 350),
(112, 49, 6, '2026-05-03 16:21:00', 4, 600),
(113, 50, 1, '2026-04-14 16:07:00', 3, 900),
(114, 51, 7, '2026-04-16 10:36:00', 3, 360),
(115, 52, 1, '2026-04-07 13:05:00', 4, 1200),
(116, 52, 3, '2026-04-07 10:35:00', 2, 700),
(117, 52, 2, '2026-04-07 12:49:00', 4, 800),
(118, 53, 7, '2026-04-28 15:19:00', 3, 360),
(119, 53, 9, '2026-04-28 10:48:00', 1, 100),
(120, 53, 4, '2026-04-28 12:16:00', 2, 160),
(121, 54, 2, '2026-05-14 17:04:00', 2, 400),
(122, 54, 3, '2026-05-14 09:26:00', 2, 700),
(123, 54, 10, '2026-05-14 16:18:00', 1, 400),
(124, 55, 4, '2026-04-22 13:44:00', 3, 240),
(125, 56, 2, '2026-04-13 12:27:00', 3, 600),
(126, 56, 4, '2026-04-13 17:14:00', 1, 80),
(127, 57, 3, '2026-04-12 10:03:00', 2, 700),
(128, 57, 5, '2026-04-12 13:38:00', 2, 500),
(129, 57, 7, '2026-04-12 13:28:00', 4, 480),
(130, 58, 9, '2026-04-05 15:17:00', 3, 300),
(131, 59, 10, '2026-04-04 09:56:00', 1, 400),
(132, 59, 9, '2026-04-04 14:38:00', 4, 400),
(133, 59, 4, '2026-04-04 09:05:00', 3, 240),
(134, 60, 1, '2026-04-11 13:36:00', 4, 1200),
(135, 61, 3, '2026-04-14 17:41:00', 4, 1400),
(136, 62, 5, '2026-04-25 15:40:00', 4, 1000),
(137, 62, 3, '2026-04-25 10:30:00', 4, 1400),
(138, 63, 7, '2026-04-30 10:54:00', 3, 360),
(139, 63, 6, '2026-04-30 14:26:00', 2, 300),
(140, 64, 9, '2026-04-10 17:02:00', 4, 400),
(141, 64, 5, '2026-04-10 10:20:00', 3, 750),
(142, 64, 6, '2026-04-10 14:07:00', 3, 450),
(143, 65, 10, '2026-04-04 15:03:00', 1, 400),
(144, 65, 1, '2026-04-04 17:23:00', 2, 600),
(145, 66, 9, '2026-04-04 12:17:00', 1, 100),
(146, 66, 10, '2026-04-04 13:28:00', 1, 400),
(147, 66, 7, '2026-04-04 16:07:00', 4, 480),
(148, 67, 4, '2026-04-11 13:35:00', 2, 160),
(149, 68, 10, '2026-04-12 10:14:00', 1, 400),
(150, 69, 9, '2026-05-14 11:31:00', 1, 100),
(151, 70, 5, '2026-05-07 16:15:00', 3, 750),
(152, 70, 10, '2026-05-07 17:09:00', 1, 400),
(153, 70, 4, '2026-05-07 12:58:00', 4, 320),
(154, 71, 10, '2026-05-10 13:49:00', 1, 400),
(155, 71, 3, '2026-05-10 14:59:00', 4, 1400),
(156, 71, 7, '2026-05-10 13:52:00', 4, 480),
(157, 72, 5, '2026-04-21 13:53:00', 4, 1000),
(158, 73, 9, '2026-04-16 14:21:00', 4, 400),
(159, 73, 3, '2026-04-16 16:59:00', 4, 1400),
(160, 73, 4, '2026-04-16 12:44:00', 3, 240),
(161, 74, 7, '2026-05-13 15:02:00', 2, 240),
(162, 75, 9, '2026-04-05 11:31:00', 4, 400),
(163, 75, 7, '2026-04-05 11:32:00', 2, 240);

-- 1.5 Populate Ride Operations
INSERT INTO Ride_Operations (operation_id, ride_id, op_date, total_rounds, total_customers) VALUES
(1, 1, '2026-04-01', 13, 182),
(2, 2, '2026-04-01', 17, 42),
(3, 3, '2026-04-01', 17, 73),
(4, 4, '2026-04-01', 5, 72),
(5, 5, '2026-04-01', 18, 76),
(6, 6, '2026-04-01', 4, 50),
(7, 7, '2026-04-01', 6, 19),
(8, 9, '2026-04-01', 17, 100),
(9, 10, '2026-04-01', 6, 6),
(10, 1, '2026-04-02', 11, 211),
(11, 2, '2026-04-02', 8, 51),
(12, 3, '2026-04-02', 13, 63),
(13, 4, '2026-04-02', 14, 55),
(14, 5, '2026-04-02', 17, 59),
(15, 6, '2026-04-02', 17, 211),
(16, 7, '2026-04-02', 9, 29),
(17, 9, '2026-04-02', 15, 112),
(18, 10, '2026-04-02', 11, 11),
(19, 1, '2026-04-03', 13, 48),
(20, 2, '2026-04-03', 7, 43),
(21, 3, '2026-04-03', 7, 12),
(22, 4, '2026-04-03', 10, 35),
(23, 5, '2026-04-03', 16, 97),
(24, 6, '2026-04-03', 15, 238),
(25, 7, '2026-04-03', 5, 19),
(26, 9, '2026-04-03', 6, 25),
(27, 10, '2026-04-03', 18, 18),
(28, 1, '2026-04-04', 4, 45),
(29, 2, '2026-04-04', 16, 30),
(30, 3, '2026-04-04', 8, 30),
(31, 4, '2026-04-04', 9, 119),
(32, 5, '2026-04-04', 6, 21),
(33, 6, '2026-04-04', 12, 117),
(34, 7, '2026-04-04', 13, 24),
(35, 9, '2026-04-04', 6, 17),
(36, 10, '2026-04-04', 5, 6),
(37, 1, '2026-04-05', 13, 136),
(38, 2, '2026-04-05', 11, 127),
(39, 3, '2026-04-05', 13, 31),
(40, 4, '2026-04-05', 7, 125),
(41, 5, '2026-04-05', 14, 46),
(42, 6, '2026-04-05', 11, 76),
(43, 7, '2026-04-05', 14, 14),
(44, 9, '2026-04-05', 18, 120),
(45, 10, '2026-04-05', 11, 12),
(46, 1, '2026-04-06', 14, 293),
(47, 2, '2026-04-06', 6, 15),
(48, 3, '2026-04-06', 11, 33),
(49, 4, '2026-04-06', 13, 89
),(50, 5, '2026-04-06', 14, 68),
(51, 6, '2026-04-06', 15, 79),
(52, 7, '2026-04-06', 11, 30),
(53, 9, '2026-04-06', 7, 31),
(54, 10, '2026-04-06', 17, 18),
(55, 1, '2026-04-07', 5, 35),
(56, 2, '2026-04-07', 10, 83),
(57, 3, '2026-04-07', 9, 45),
(58, 4, '2026-04-07', 8, 83),
(59, 5, '2026-04-07', 4, 30),
(60, 6, '2026-04-07', 14, 115),
(61, 7, '2026-04-07', 8, 8),
(62, 9, '2026-04-07', 13, 100),
(63, 10, '2026-04-07', 16, 16),
(64, 1, '2026-04-08', 18, 328),
(65, 2, '2026-04-08', 15, 142),
(66, 3, '2026-04-08', 17, 53),
(67, 4, '2026-04-08', 16, 133),
(68, 5, '2026-04-08', 13, 58),
(69, 6, '2026-04-08', 7, 88),
(70, 7, '2026-04-08', 7, 26),
(71, 9, '2026-04-08', 8, 51),
(72, 10, '2026-04-08', 16, 16),
(73, 1, '2026-04-09', 14, 63),
(74, 2, '2026-04-09', 18, 178),
(75, 3, '2026-04-09', 14, 19),
(76, 4, '2026-04-09', 8, 120),
(77, 5, '2026-04-09', 4, 22),
(78, 6, '2026-04-09', 9, 42),
(79, 7, '2026-04-09', 5, 14),
(80, 9, '2026-04-09', 9, 62),
(81, 10, '2026-04-09', 6, 6),
(82, 1, '2026-04-10', 6, 144),
(83, 2, '2026-04-10', 18, 111),
(84, 3, '2026-04-10', 12, 44),
(85, 4, '2026-04-10', 18, 157),
(86, 5, '2026-04-10', 17, 38),
(87, 6, '2026-04-10', 8, 124),
(88, 7, '2026-04-10', 17, 47),
(89, 9, '2026-04-10', 16, 53),
(90, 10, '2026-04-10', 15, 16),
(91, 1, '2026-04-11', 16, 74),
(92, 2, '2026-04-11', 11, 20),
(93, 3, '2026-04-11', 6, 30),
(94, 4, '2026-04-11', 7, 108),
(95, 5, '2026-04-11', 17, 119),
(96, 6, '2026-04-11', 12, 105),
(97, 7, '2026-04-11', 5, 17),
(98, 9, '2026-04-11', 4, 12),
(99, 10, '2026-04-11', 12, 12),
(100, 1, '2026-04-12', 11, 105),
(101, 2, '2026-04-12', 14, 81),
(102, 3, '2026-04-12', 13, 61),
(103, 4, '2026-04-12', 17, 207),
(104, 5, '2026-04-12', 5, 19),
(105, 6, '2026-04-12', 11, 17),
(106, 7, '2026-04-12', 13, 48),
(107, 9, '2026-04-12', 9, 37),
(108, 10, '2026-04-12', 14, 14),
(109, 1, '2026-04-13', 14, 251),
(110, 2, '2026-04-13', 18, 197),
(111, 3, '2026-04-13', 8, 34),
(112, 4, '2026-04-13', 5, 22),
(113, 5, '2026-04-13', 4, 5),
(114, 6, '2026-04-13', 8, 71),
(115, 7, '2026-04-13', 5, 8),
(116, 9, '2026-04-13', 7, 41),
(117, 10, '2026-04-13', 6, 7),
(118, 1, '2026-04-14', 11, 105),
(119, 2, '2026-04-14', 14, 152),
(120, 3, '2026-04-14', 10, 47),
(121, 4, '2026-04-14', 15, 94),
(122, 5, '2026-04-14', 18, 71),
(123, 6, '2026-04-14', 14, 39),
(124, 7, '2026-04-14', 17, 48),
(125, 9, '2026-04-14', 13, 65),
(126, 10, '2026-04-14', 8, 8),
(127, 1, '2026-04-15', 15, 204),
(128, 2, '2026-04-15', 7, 63),
(129, 3, '2026-04-15', 11, 26),
(130, 4, '2026-04-15', 17, 202),
(131, 5, '2026-04-15', 5, 28),
(132, 6, '2026-04-15', 12, 177),
(133, 7, '2026-04-15', 9, 10),
(134, 9, '2026-04-15', 10, 45),
(135, 10, '2026-04-15', 7, 7),
(136, 1, '2026-04-16', 17, 249),
(137, 2, '2026-04-16', 5, 47),
(138, 3, '2026-04-16', 7, 8),
(139, 4, '2026-04-16', 4, 46),
(140, 5, '2026-04-16', 7, 15),
(141, 6, '2026-04-16', 16, 160),
(142, 7, '2026-04-16', 7, 9),
(143, 9, '2026-04-16', 17, 114),
(144, 10, '2026-04-16', 12, 12),
(145, 1, '2026-04-17', 13, 123),
(146, 2, '2026-04-17', 17, 76),
(147, 3, '2026-04-17', 9, 18),
(148, 4, '2026-04-17', 16, 17),
(149, 5, '2026-04-17', 8, 62),
(150, 6, '2026-04-17', 6, 22),
(151, 7, '2026-04-17', 12, 28),
(152, 9, '2026-04-17', 16, 38),
(153, 10, '2026-04-17', 5, 5),
(154, 1, '2026-04-18', 6, 9),
(155, 2, '2026-04-18', 9, 39),
(156, 3, '2026-04-18', 13, 54),
(157, 4, '2026-04-18', 4, 26),
(158, 5, '2026-04-18', 8, 11),
(159, 6, '2026-04-18', 6, 59),
(160, 7, '2026-04-18', 12, 19),
(161, 9, '2026-04-18', 15, 23),
(162, 10, '2026-04-18', 11, 12),
(163, 1, '2026-04-19', 16, 201),
(164, 2, '2026-04-19', 12, 39),
(165, 3, '2026-04-19', 11, 43),
(166, 4, '2026-04-19', 7, 18),
(167, 5, '2026-04-19', 15, 115),
(168, 6, '2026-04-19', 18, 284),
(169, 7, '2026-04-19', 8, 22),
(170, 9, '2026-04-19', 14, 17),
(171, 10, '2026-04-19', 4, 5),
(172, 1, '2026-04-20', 17, 222),
(173, 2, '2026-04-20', 10, 97),
(174, 3, '2026-04-20', 5, 20),
(175, 4, '2026-04-20', 15, 242),
(176, 5, '2026-04-20', 5, 10),
(177, 6, '2026-04-20', 9, 46),
(178, 7, '2026-04-20', 5, 9),
(179, 9, '2026-04-20', 8, 47),
(180, 10, '2026-04-20', 14, 15),
(181, 1, '2026-04-21', 10, 162),
(182, 2, '2026-04-21', 12, 87),
(183, 3, '2026-04-21', 11, 43),
(184, 4, '2026-04-21', 13, 123),
(185, 5, '2026-04-21', 5, 12),
(186, 6, '2026-04-21', 17, 127),
(187, 7, '2026-04-21', 10, 24),
(188, 9, '2026-04-21', 18, 47),
(189, 10, '2026-04-21', 10, 11),
(190, 1, '2026-04-22', 17, 249),
(191, 2, '2026-04-22', 10, 63),
(192, 3, '2026-04-22', 15, 27),
(193, 4, '2026-04-22', 9, 118),
(194, 5, '2026-04-22', 9, 41),
(195, 6, '2026-04-22', 9, 48),
(196, 7, '2026-04-22', 14, 44),
(197, 9, '2026-04-22', 5, 10),
(198, 10, '2026-04-22', 17, 17),
(199, 1, '2026-04-23', 5, 60),
(200, 2, '2026-04-23', 5, 52),
(201, 3, '2026-04-23', 15, 62),
(202, 4, '2026-04-23', 16, 82),
(203, 5, '2026-04-23', 12, 19),
(204, 6, '2026-04-23', 13, 156),
(205, 7, '2026-04-23', 12, 33),
(206, 9, '2026-04-23', 14, 29),
(207, 10, '2026-04-23', 10, 11),
(208, 1, '2026-04-24', 17, 357),
(209, 2, '2026-04-24', 16, 124),
(210, 3, '2026-04-24', 17, 23),
(211, 4, '2026-04-24', 8, 87),
(212, 5, '2026-04-24', 9, 22),
(213, 6, '2026-04-24', 13, 142),
(214, 7, '2026-04-24', 7, 11),
(215, 9, '2026-04-24', 14, 75),
(216, 10, '2026-04-24', 7, 7),
(217, 1, '2026-04-25', 9, 151),
(218, 2, '2026-04-25', 9, 23),
(219, 3, '2026-04-25', 16, 51),
(220, 4, '2026-04-25', 13, 70),
(221, 5, '2026-04-25', 16, 70),
(222, 6, '2026-04-25', 17, 30),
(223, 7, '2026-04-25', 13, 30),
(224, 9, '2026-04-25', 4, 9),
(225, 10, '2026-04-25', 8, 9),
(226, 1, '2026-04-26', 18, 191),
(227, 2, '2026-04-26', 9, 9),
(228, 3, '2026-04-26', 6, 33),
(229, 4, '2026-04-26', 6, 78),
(230, 5, '2026-04-26', 14, 65),
(231, 6, '2026-04-26', 5, 23),
(232, 7, '2026-04-26', 15, 55),
(233, 9, '2026-04-26', 4, 6),
(234, 10, '2026-04-26', 15, 15),
(235, 1, '2026-04-27', 10, 117),
(236, 2, '2026-04-27', 11, 54),
(237, 3, '2026-04-27', 6, 17),
(238, 4, '2026-04-27', 8, 91),
(239, 5, '2026-04-27', 16, 88),
(240, 6, '2026-04-27', 13, 34),
(241, 7, '2026-04-27', 18, 21),
(242, 9, '2026-04-27', 6, 16),
(243, 10, '2026-04-27', 16, 16),
(244, 1, '2026-04-28', 14, 55),
(245, 2, '2026-04-28', 8, 64),
(246, 3, '2026-04-28', 14, 68),
(247, 4, '2026-04-28', 11, 166),
(248, 5, '2026-04-28', 11, 64),
(249, 6, '2026-04-28', 8, 35),
(250, 7, '2026-04-28', 16, 48),
(251, 9, '2026-04-28', 5, 27),
(252, 10, '2026-04-28', 10, 10),
(253, 1, '2026-04-29', 8, 181),
(254, 2, '2026-04-29', 14, 165),
(255, 3, '2026-04-29', 11, 44),
(256, 4, '2026-04-29', 14, 171),
(257, 5, '2026-04-29', 4, 11),
(258, 6, '2026-04-29', 10, 24),
(259, 7, '2026-04-29', 4, 7),
(260, 9, '2026-04-29', 8, 21),
(261, 10, '2026-04-29', 16, 16),
(262, 1, '2026-04-30', 16, 146),
(263, 2, '2026-04-30', 8, 49),
(264, 3, '2026-04-30', 5, 5),
(265, 4, '2026-04-30', 11, 202),
(266, 5, '2026-04-30', 10, 32),
(267, 6, '2026-04-30', 6, 54),
(268, 7, '2026-04-30', 12, 26),
(269, 9, '2026-04-30', 12, 83),
(270, 10, '2026-04-30', 17, 18);

-- 1.6 Populate Revenue
INSERT INTO Revenue (revenue_id, ride_id, rev_date, earnings, source) VALUES
(1, 2, '2026-04-18', 400, 'Booking'),
(2, 10, '2026-04-18', 400, 'Booking'),
(3, 4, '2026-04-07', 240, 'Booking'),
(4, 10, '2026-04-03', 400, 'Booking'),
(5, 5, '2026-04-03', 1000, 'Booking'),
(6, 5, '2026-04-15', 500, 'Booking'),
(7, 3, '2026-05-16', 700, 'Booking'),
(8, 5, '2026-05-16', 1000, 'Booking'),
(9, 10, '2026-05-16', 400, 'Booking'),
(10, 2, '2026-05-08', 800, 'Booking'),
(11, 6, '2026-05-15', 300, 'Booking'),
(12, 9, '2026-04-10', 100, 'Booking'),
(13, 7, '2026-04-10', 480, 'Booking'),
(14, 5, '2026-04-10', 500, 'Booking'),
(15, 3, '2026-04-06', 350, 'Booking'),
(16, 7, '2026-04-06', 240, 'Booking'),
(17, 2, '2026-04-06', 400, 'Booking'),
(18, 7, '2026-04-23', 240, 'Booking'),
(19, 3, '2026-04-23', 1400, 'Booking'),
(20, 2, '2026-04-23', 600, 'Booking'),
(21, 4, '2026-05-05', 80, 'Booking'),
(22, 5, '2026-05-05', 500, 'Booking'),
(23, 2, '2026-05-05', 400, 'Booking'),
(24, 4, '2026-05-06', 80, 'Booking'),
(25, 10, '2026-05-06', 400, 'Booking'),
(26, 5, '2026-05-07', 750, 'Booking'),
(27, 10, '2026-05-13', 400, 'Booking'),
(28, 6, '2026-05-13', 450, 'Booking'),
(29, 1, '2026-05-13', 1200, 'Booking'),
(30, 6, '2026-04-15', 150, 'Booking'),
(31, 7, '2026-04-15', 480, 'Booking'),
(32, 5, '2026-04-15', 500, 'Booking'),
(33, 10, '2026-04-30', 400, 'Booking'),
(34, 4, '2026-04-30', 240, 'Booking'),
(35, 3, '2026-04-30', 350, 'Booking'),
(36, 7, '2026-04-23', 360, 'Booking'),
(37, 6, '2026-04-23', 300, 'Booking'),
(38, 7, '2026-05-09', 480, 'Booking'),
(39, 3, '2026-05-09', 350, 'Booking'),
(40, 5, '2026-05-09', 500, 'Booking'),
(41, 6, '2026-04-11', 600, 'Booking'),
(42, 9, '2026-04-11', 400, 'Booking'),
(43, 4, '2026-04-11', 80, 'Booking'),
(44, 6, '2026-05-11', 300, 'Booking'),
(45, 2, '2026-05-11', 400, 'Booking'),
(46, 7, '2026-05-11', 240, 'Booking'),
(47, 2, '2026-04-15', 400, 'Booking'),
(48, 9, '2026-04-15', 400, 'Booking'),
(49, 4, '2026-04-15', 80, 'Booking'),
(50, 4, '2026-04-18', 320, 'Booking'),
(51, 3, '2026-04-18', 700, 'Booking'),
(52, 9, '2026-04-14', 300, 'Booking'),
(53, 10, '2026-04-10', 400, 'Booking'),
(54, 7, '2026-04-10', 360, 'Booking'),
(55, 9, '2026-04-10', 200, 'Booking'),
(56, 9, '2026-05-06', 400, 'Booking'),
(57, 4, '2026-05-06', 240, 'Booking'),
(58, 3, '2026-05-06', 1050, 'Booking'),
(59, 2, '2026-05-08', 400, 'Booking'),
(60, 3, '2026-05-08', 700, 'Booking'),
(61, 10, '2026-05-08', 400, 'Booking'),
(62, 9, '2026-04-09', 200, 'Booking'),
(63, 7, '2026-04-09', 480, 'Booking'),
(64, 1, '2026-04-09', 1200, 'Booking'),
(65, 6, '2026-04-08', 450, 'Booking'),
(66, 10, '2026-05-09', 400, 'Booking'),
(67, 4, '2026-05-09', 320, 'Booking'),
(68, 6, '2026-05-09', 300, 'Booking'),
(69, 7, '2026-05-09', 240, 'Booking'),
(70, 1, '2026-05-06', 1200, 'Booking'),
(71, 2, '2026-05-06', 800, 'Booking'),
(72, 7, '2026-05-12', 240, 'Booking'),
(73, 6, '2026-05-12', 450, 'Booking'),
(74, 5, '2026-04-28', 750, 'Booking'),
(75, 2, '2026-04-28', 200, 'Booking'),
(76, 2, '2026-04-17', 200, 'Booking'),
(77, 1, '2026-04-17', 600, 'Booking'),
(78, 7, '2026-04-17', 240, 'Booking'),
(79, 4, '2026-05-11', 320, 'Booking'),
(80, 3, '2026-04-10', 700, 'Booking'),
(81, 2, '2026-04-10', 200, 'Booking'),
(82, 7, '2026-04-01', 240, 'Booking'),
(83, 10, '2026-04-01', 400, 'Booking'),
(84, 6, '2026-04-01', 450, 'Booking'),
(85, 1, '2026-04-08', 900, 'Booking'),
(86, 6, '2026-04-08', 450, 'Booking'),
(87, 5, '2026-04-08', 750, 'Booking'),
(88, 6, '2026-04-04', 300, 'Booking'),
(89, 9, '2026-04-04', 300, 'Booking'),
(90, 9, '2026-04-06', 300, 'Booking'),
(91, 7, '2026-04-06', 240, 'Booking'),
(92, 4, '2026-04-09', 320, 'Booking'),
(93, 9, '2026-04-09', 400, 'Booking'),
(94, 4, '2026-04-17', 240, 'Booking'),
(95, 6, '2026-04-17', 450, 'Booking'),
(96, 4, '2026-05-16', 320, 'Booking'),
(97, 2, '2026-05-16', 400, 'Booking'),
(98, 9, '2026-05-16', 400, 'Booking'),
(99, 2, '2026-04-29', 600, 'Booking'),
(100, 4, '2026-04-15', 240, 'Booking'),
(101, 5, '2026-04-15', 1000, 'Booking'),
(102, 6, '2026-04-15', 450, 'Booking'),
(103, 5, '2026-05-08', 750, 'Booking'),
(104, 10, '2026-05-08', 400, 'Booking'),
(105, 10, '2026-04-01', 400, 'Booking'),
(106, 3, '2026-04-01', 1050, 'Booking'),
(107, 2, '2026-04-01', 400, 'Booking'),
(108, 3, '2026-04-05', 350, 'Booking'),
(109, 5, '2026-04-05', 750, 'Booking'),
(110, 5, '2026-05-03', 750, 'Booking'),
(111, 3, '2026-05-03', 350, 'Booking'),
(112, 6, '2026-05-03', 600, 'Booking'),
(113, 1, '2026-04-14', 900, 'Booking'),
(114, 7, '2026-04-16', 360, 'Booking'),
(115, 1, '2026-04-07', 1200, 'Booking'),
(116, 3, '2026-04-07', 700, 'Booking'),
(117, 2, '2026-04-07', 800, 'Booking'),
(118, 7, '2026-04-28', 360, 'Booking'),
(119, 9, '2026-04-28', 100, 'Booking'),
(120, 4, '2026-04-28', 160, 'Booking'),
(121, 2, '2026-05-14', 400, 'Booking'),
(122, 3, '2026-05-14', 700, 'Booking'),
(123, 10, '2026-05-14', 400, 'Booking'),
(124, 4, '2026-04-22', 240, 'Booking'),
(125, 2, '2026-04-13', 600, 'Booking'),
(126, 4, '2026-04-13', 80, 'Booking'),
(127, 3, '2026-04-12', 700, 'Booking'),
(128, 5, '2026-04-12', 500, 'Booking'),
(129, 7, '2026-04-12', 480, 'Booking'),
(130, 9, '2026-04-05', 300, 'Booking'),
(131, 10, '2026-04-04', 400, 'Booking'),
(132, 9, '2026-04-04', 400, 'Booking'),
(133, 4, '2026-04-04', 240, 'Booking'),
(134, 1, '2026-04-11', 1200, 'Booking'),
(135, 3, '2026-04-14', 1400, 'Booking'),
(136, 5, '2026-04-25', 1000, 'Booking'),
(137, 3, '2026-04-25', 1400, 'Booking'),
(138, 7, '2026-04-30', 360, 'Booking'),
(139, 6, '2026-04-30', 300, 'Booking'),
(140, 9, '2026-04-10', 400, 'Booking'),
(141, 5, '2026-04-10', 750, 'Booking'),
(142, 6, '2026-04-10', 450, 'Booking'),
(143, 10, '2026-04-04', 400, 'Booking'),
(144, 1, '2026-04-04', 600, 'Booking'),
(145, 9, '2026-04-04', 100, 'Booking'),
(146, 10, '2026-04-04', 400, 'Booking'),
(147, 7, '2026-04-04', 480, 'Booking'),
(148, 4, '2026-04-11', 160, 'Booking'),
(149, 10, '2026-04-12', 400, 'Booking'),
(150, 9, '2026-05-14', 100, 'Booking'),
(151, 5, '2026-05-07', 750, 'Booking'),
(152, 10, '2026-05-07', 400, 'Booking'),
(153, 4, '2026-05-07', 320, 'Booking'),
(154, 10, '2026-05-10', 400, 'Booking'),
(155, 3, '2026-05-10', 1400, 'Booking'),
(156, 7, '2026-05-10', 480, 'Booking'),
(157, 5, '2026-04-21', 1000, 'Booking'),
(158, 9, '2026-04-16', 400, 'Booking'),
(159, 3, '2026-04-16', 1400, 'Booking'),
(160, 4, '2026-04-16', 240, 'Booking'),
(161, 7, '2026-05-13', 240, 'Booking'),
(162, 9, '2026-04-05', 400, 'Booking'),
(163, 7, '2026-04-05', 240, 'Booking'),
(164, 2, '2026-04-13', 1600, 'Event'),
(165, 1, '2026-04-14', 600, 'Group'),
(166, 2, '2026-04-28', 800, 'Event'),
(167, 7, '2026-04-19', 600, 'Event'),
(168, 7, '2026-04-10', 240, 'Group'),
(169, 1, '2026-04-11', 900, 'Event'),
(170, 9, '2026-04-27', 700, 'Group'),
(171, 2, '2026-04-14', 1600, 'Walk-in'),
(172, 4, '2026-04-14', 480, 'Group'),
(173, 10, '2026-04-03', 2000, 'Group'),
(174, 6, '2026-04-08', 600, 'Walk-in'),
(175, 2, '2026-04-17', 1400, 'Walk-in'),
(176, 10, '2026-04-17', 1200, 'Group'),
(177, 6, '2026-04-24', 1200, 'Event'),
(178, 3, '2026-04-08', 700, 'Walk-in'),
(179, 5, '2026-04-07', 750, 'Event'),
(180, 3, '2026-04-25', 2800, 'Event'),
(181, 2, '2026-04-06', 1600, 'Event'),
(182, 9, '2026-04-15', 800, 'Event'),
(183, 9, '2026-04-22', 600, 'Event');


-- -------------------------------------------------------------------------
-- STEP 2: REQUIRED DATA MODIFICATIONS (UPDATE & DELETE) WITH WHERE CONDITIONS
-- -------------------------------------------------------------------------

-- 2.1 UPDATE Operation: Update ride operational status if pricing changes
-- Adjusting Bumper Cars (ride_id = 6) base fare due to high seasonal tracking demands.
UPDATE Rides
SET price_per_round = 160.00, status = 'Active'
WHERE ride_id = 6;

-- 2.2 DELETE Operation: Remove records using explicit WHERE matches
-- Removing the row for the maintenance tracked ride "Spinning Cups" safely.
DELETE FROM Rides 
WHERE status = 'Maintenance' AND ride_id = 8;
-- -------------------------------------------------------------------------
-- STEP 3: M5 VALIDATION AND VERIFICATION TEST BENCH
-- -------------------------------------------------------------------------

-- 3.1 Row Counts Verification [COUNT(*)]
SELECT 'Rides' AS table_name, COUNT(*) AS total_rows FROM Rides
UNION ALL
SELECT 'Customers', COUNT(*) FROM Customers
UNION ALL
SELECT 'tickets', COUNT(*) FROM tickets
UNION ALL
SELECT 'Ride_Bookings', COUNT(*) FROM Ride_Bookings
UNION ALL
SELECT 'Ride_Operations', COUNT(*) FROM Ride_Operations
UNION ALL
SELECT 'Revenue', COUNT(*) FROM Revenue;

/* outout:
table_name total_rows
Rides	         9
Customers	    75
tickets  	    75
Ride_Bookings	163
Ride_Operations	270
Revenue	       183
*/


-- 3.2 NULL Check on Primary Keys & Required System Columns
SELECT 
    (SELECT COUNT(*) FROM Rides WHERE ride_id IS NULL OR ride_name IS NULL) AS rides_null_errors,
    (SELECT COUNT(*) FROM Customers WHERE customer_id IS NULL OR full_name IS NULL) AS customers_null_errors,
    (SELECT COUNT(*) FROM Tickets WHERE ticket_id IS NULL OR customer_id IS NULL OR ticket_type IS NULL) AS tickets_null_errors,
    (SELECT COUNT(*) FROM Ride_Bookings WHERE booking_id IS NULL OR customer_id IS NULL OR ride_id IS NULL) AS bookings_null_errors,
    (SELECT COUNT(*) FROM Ride_Operations WHERE operation_id IS NULL OR ride_id IS NULL OR op_date IS NULL) AS operations_null_errors,
    (SELECT COUNT(*) FROM Revenue WHERE revenue_id IS NULL OR ride_id IS NULL) AS revenue_null_errors;
/* output:
rides_null_errors	customers_null_errors	tickets_null_errors	bookings_null_errors	operations_null_errors	revenue_null_errors
   0	                      0	                      0                 	0                   	0                      	0

*/


-- 3.3 Foreign Key Integrity Check (Join-Based Cross Checks)
-- Each validation check should result in a clean '0' if constraints match exactly.

-- Check for orphaned tickets (No matching customer)
SELECT COUNT(*) AS orphaned_tickets
FROM Tickets t
LEFT JOIN Customers c ON t.customer_id = c.customer_id
WHERE c.customer_id IS NULL;

/* output:
orphaned_tickets
0
*/

-- Check for orphaned bookings (Missing matching active customers or rides)
SELECT COUNT(*) AS orphaned_bookings
FROM Ride_Bookings rb
LEFT JOIN Customers c ON rb.customer_id = c.customer_id
LEFT JOIN Rides r     ON rb.ride_id = r.ride_id
WHERE c.customer_id IS NULL OR r.ride_id IS NULL;
/* output:
orphaned_bookings
0
*/
-- Check for orphaned operational metrics (Tracks metrics against non-existent ride elements)
SELECT COUNT(*) AS orphaned_operations
FROM Ride_Operations ro
LEFT JOIN Rides r ON ro.ride_id = r.ride_id
WHERE r.ride_id IS NULL;
/* output:
orphaned_operations
0
*/

-- Check for orphaned ledger items (Tracks financial entries mapping back to a deleted or unknown ride)
SELECT COUNT(*) AS orphaned_revenue
FROM Revenue rv
LEFT JOIN Rides r ON rv.ride_id = r.ride_id
WHERE r.ride_id IS NULL;
/* output:
orphaned_revenue
0
*/